{
    "Positive": {
        "precision": 0.8968609865470852,
        "recall": 0.9803921568627451,
        "f1-score": 0.936768149882904,
        "support": 204
    },
    "Negative": {
        "precision": 0.9603960396039604,
        "recall": 0.8083333333333333,
        "f1-score": 0.8778280542986425,
        "support": 120
    },
    "accuracy": 0.9166666666666666,
    "macro avg": {
        "precision": 0.9286285130755227,
        "recall": 0.8943627450980391,
        "f1-score": 0.9072981020907733,
        "support": 324
    },
    "weighted avg": {
        "precision": 0.9203924876792613,
        "recall": 0.9166666666666666,
        "f1-score": 0.914938484851696,
        "support": 324
    }
}