{
    "Positive": {
        "precision": 0.9306930693069307,
        "recall": 0.9215686274509803,
        "f1-score": 0.9261083743842364,
        "support": 204
    },
    "Negative": {
        "precision": 0.8688524590163934,
        "recall": 0.8833333333333333,
        "f1-score": 0.8760330578512396,
        "support": 120
    },
    "accuracy": 0.9074074074074074,
    "macro avg": {
        "precision": 0.8997727641616621,
        "recall": 0.9024509803921568,
        "f1-score": 0.901070716117738,
        "support": 324
    },
    "weighted avg": {
        "precision": 0.9077891395696948,
        "recall": 0.9074074074074074,
        "f1-score": 0.9075619608534968,
        "support": 324
    }
}